<?xml version="1.0" encoding="UTF-8"?>
<addon id="plugin.video.mandrakodi19"
version="1.1.0"
name="MandraKodi"
provider-name="ElSupremo">
<requires>
  <import addon="script.module.requests" version="2.22.0"/>
</requires>
<extension point="xbmc.python.pluginsource" library="default.py">
  <provides>video</provides>
</extension>
<extension point="xbmc.addon.metadata">
  <summary lang="en">MandraKodi (Matrix version)</summary>
  <description lang="en_GB">Free sport for Kodi mediacenter.</description>
  <disclaimer lang="en_GB">This addon is a multimedia content collector via a scraping system</disclaimer>
  <summary lang="it">MandraKodi (Matrix version)</summary>
  <description lang="it_IT">Free sport for Kodi mediacenter.</description>
  <disclaimer lang="it_IT">
  Questo addon e' un raccoglitore di contenuti multimediali tramite sistema di scraping
  Si intende pertanto che sono recuperabili liberamente dalla rete.
  Questo addon e' un "contenitore" che, per praticità, raccoglie ciò che gia' esiste in rete.
  </disclaimer>
  <assets>
    <icon>icon.png</icon>
    <fanart>fanart.jpg</fanart>
    <screenshot>resources\screenshot-01.jpg</screenshot>
    <screenshot>resources\screenshot-02.jpg</screenshot>
    <screenshot>resources\screenshot-03.jpg</screenshot>    
  </assets>
  <news>
  #Vers. 1.1.0
  Remote Update
  
  #Vers. 1.0.8
  Fix Error
  
  #Vers. 1.0.7
  Fix CheckResolver
  
  #Vers. 1.0.6
  Add resolver + Change script
  
  #Vers. 1.0.5
  Add channels tag
  
  #Vers. 1.0.4
  Add SetViewMode tag
  
  #Vers. 1.0.3
  Compatibility Kodi 18 and 19
  
  #Vers. 1.0.2
  Add yatse script
  </news>
</extension>
</addon>
