<?xml version="1.0" encoding="UTF-8" standalone="yes"?>
<addon id="plugin.video.mandralista" name="[COLOR lime]Mandrakodi Playlist Manager[/COLOR]" version="1.0.0" provider-name="ElSupremo">
  <requires>
    <import addon="script.module.requests" version="2.22.0"/>
  </requires>
  <extension point="xbmc.python.pluginsource" library="default.py">
    <provides>video</provides>
  </extension>
  <extension point="xbmc.addon.metadata">
    <summary lang="it">[COLOR lime]Addon per liste m3u[/COLOR]</summary>
    <summary lang="en">[COLOR lime]Addon per liste m3u[/COLOR]</summary>
    <summary lang="de">[COLOR lime]Addon per liste m3u[/COLOR]</summary>
    <description lang="it">[COLOR lime]MandraLista é un addon per playlist[/COLOR]</description>
    <description lang="en">[COLOR lime]MandraLista é un addon per playlist[/COLOR]</description>
    <description lang="de">[COLOR lime]MandraLista é un addon per playlist[/COLOR]</description>
    <language>it en de</language>
    <platform>all</platform>
      <assets>
        <icon>icon.gif</icon>
        <fanart>fanart.gif</fanart>
    </assets>
  </extension>
</addon>
