<?xml version="1.0" encoding="UTF-8"?>
<window>
	<defaultcontrol always="false">200</defaultcontrol>
	<zorder>100</zorder>
	<coordinates>
		<system>1</system>
		<left>335</left>
		<top>220</top>
	</coordinates>
	<include>Animation_DialogPopupOpenClose</include>
	<depth>DepthDialog+</depth>
	<controls>
		<control type="group">
			<include>VisibleFadeEffect</include>
			<control type="image">
				<description>Background Image</description>
				<posx>0</posx>
				<posy>0</posy>
				<width>610</width>
				<height>280</height>
				<texture border="40">DialogBack2.png</texture>
			</control>
			<control type="image">
				<description>Dialog Header image</description>
				<posx>40</posx>
				<posy>16</posy>
				<width>530</width>
				<height>40</height>
				<texture>dialogheader.png</texture>
			</control>
			<control type="label" id="100">
				<description>header label</description>
				<posx>40</posx>
				<posy>20</posy>
				<width>530</width>
				<height>30</height>
				<font>font13_title</font>
				<label></label>
				<align>center</align>
				<aligny>center</aligny>
				<textcolor>darkorange</textcolor>
				<shadowcolor>black</shadowcolor>
			</control>
			<control type="button">
				<description>Close Window button</description>
				<posx>520</posx>
				<posy>15</posy>
				<width>64</width>
				<height>32</height>
				<label>-</label>
				<font>-</font>
				<onclick>PreviousMenu</onclick>
				<texturefocus>DialogCloseButton-focus.png</texturefocus>
				<texturenofocus>DialogCloseButton.png</texturenofocus>
				<visible>system.getbool(input.enablemouse)</visible>
			</control>
		</control>
		<control type="grouplist" id="9000">
			<orientation>vertical</orientation>
			<left>40</left>
			<top>60</top>
			<height>153</height>
			<width>530</width>
			<align>top</align>
			<orientation>vertical</orientation>
			<control type="label" id="10">
				<width>520</width>
				<height>36</height>
				<label></label>
				<font>font12</font>
				<wrapmultiline>true</wrapmultiline>
				<label></label>
				<textcolor>white</textcolor>
				<shadowcolor>black</shadowcolor>
			</control>
			<control type="label" id="11">
				<width>520</width>
				<height>25</height>
				<label></label>
				<font>font12</font>
				<wrapmultiline>false</wrapmultiline>
				<label></label>
				<textcolor>white</textcolor>
				<shadowcolor>black</shadowcolor>
			</control>
			<control type="label" id="12">
				<width>520</width>
				<height>25</height>
				<label></label>
				<font>font12</font>
				<wrapmultiline>true</wrapmultiline>
				<label></label>
				<textcolor>white</textcolor>
				<shadowcolor>black</shadowcolor>
			</control>
		</control>
		<control type="progress" id="20">
			<left>40</left>
			<top>175</top>
			<width>530</width>
			<height>24</height>
			<texture></texture>
			<aspectratio>keep</aspectratio>
		</control>
		<control type="button" id="200">
			<description>Cancel Button (Krypton)</description>
			<left>195</left>
			<top>183</top>
			<width>220</width>
			<height>90</height>
			<align>center</align>
			<aligny>center</aligny>
			<label>$ADDON[script.module.resolveurl 33038]</label>
			<font>font12_title</font>
            <visible>String.StartsWith(System.BuildVersion, 17)|String.StartsWith(System.BuildVersion, 18)|String.StartsWith(System.BuildVersion, 19)</visible>
		</control>
        <control type="button" id="200">
            <description>Cancel Button (Jarvis)</description>
            <left>195</left>
            <top>205</top>
            <width>220</width>
            <height>45</height>
            <align>center</align>
            <aligny>center</aligny>
            <label>$ADDON[script.module.resolveurl 33038]</label>
            <font>font12_title</font>
            <visible>![SubString(System.BuildVersion,17,left)|SubString(System.BuildVersion,18,left)]</visible>
        </control>
	</controls>
</window>
