<?xml version="1.0" encoding="UTF-8" standalone="yes"?>
<addon id="script.mandra.kodi" name="Mandrakodi script" version="1.0.4" provider-name="ElSupremo">
    <requires>
        <import addon="plugin.video.youtube"/>
    </requires>
    <extension point="xbmc.python.script" library="default.py">
        <provides>executable</provides>
    </extension>
    <extension point="xbmc.addon.metadata">
        <summary lang="en">Mandrakodi script for Kodi</summary>
        <summary lang="it">Script Mandrakodi per Kodi</summary>
        <summary lang="fr">Script Mandrakodi pour Kodi</summary>
        <summary lang="de">Mandrakodi-Skript für Kodi</summary>
        <description lang="en">Mandrakodi script for Kodi</description>
        <description lang="it">Script Mandrakodi per Kodi</description>
        <description lang="fr">Script Mandrakodi pour Kodi</description>
        <description lang="de">Mandrakodi-Skript für Kodi</description>
        <platform>all</platform>
        <news>
        #vers 1.0.4: 
        Update addon 
        
        #vers 1.03: 
        Update core (Yt-dl core: 2021.06.06)
        
        #vers 1.02: 
        Update core (Yt-dl core: 2021.04.07)
        
        #vers 1.0.1: 
        Update core (Yt-dl core: 2021.03.31)
        
        #vers 1.0.0: 
        First release (Yt-dl core: 2021.03.25)
        
        </news>
    </extension>
</addon>

